{"cameraMode":{"drawMode":0,"name":"Shaded","section":"Shading Mode"},"sceneLighting":false,"audioPlay":false,"sceneViewState":{"showFog":true,"showMaterialUpdate":false,"showSkybox":false,"showFlares":true,"showImageEffects":true,"showParticleSystems":true},"in2DMode":false,"pivot":{"x":0.3620884418487549,"y":3.410510540008545,"z":-0.924270510673523},"rotation":{"x":0.20050644874572755,"y":-0.0146947605535388,"z":0.0030077937990427019,"w":0.979577898979187},"size":4.7198872566223148,"orthographic":false}